"All Messages","Event","Event Request","list_of_users_seen","Message Action","New List of Users","Reply To","seen","Started By","Subject","Users","Visible","Creation Date","Modified Date","Slug","Creator","unique id"
"","Double Booking?","1722006898548x936046261602615300","","Mark Willing","","info+marzar@rosyrecruits.com","no","info+marzar@rosyrecruits.com","Work available","info+demirra@pronocoders.com","no","Jul 27, 2024 1:15 am","Jul 27, 2024 1:16 am","","info+marzar@rosyrecruits.com","1722006900465x257657287643154200"
"","Double Booking?","1722006939356x135724985346424830","","Mark Willing","","info+marzar@rosyrecruits.com","no","info+marzar@rosyrecruits.com","Work available","info+demirra@pronocoders.com","no","Jul 27, 2024 1:15 am","Jul 27, 2024 1:15 am","","info+marzar@rosyrecruits.com","1722006941300x684634700417933200"
"","Double Booking?","1722006939356x135724985346424830","","Accept Worker","","info+demirra@pronocoders.com","no","info+demirra@pronocoders.com","Worker Available","info+marzar@rosyrecruits.com","no","Jul 27, 2024 1:15 am","Jul 27, 2024 1:18 am","","info+demirra@pronocoders.com","1722006959924x501559058878954050"
"","Double Booking?","1722006898548x936046261602615300","","Accept Worker","","info+demirra@pronocoders.com","no","info+demirra@pronocoders.com","Worker Available","info+marzar@rosyrecruits.com","no","Jul 27, 2024 1:16 am","Jul 27, 2024 1:16 am","","info+demirra@pronocoders.com","1722006961322x870785709636222000"
"","Another day another dollar...","1722007138510x813479760498786300","","Mark Willing","","info+marzar@rosyrecruits.com","no","info+marzar@rosyrecruits.com","Work available","info+demirra@pronocoders.com","no","Jul 27, 2024 1:19 am","Jul 27, 2024 1:19 am","","info+marzar@rosyrecruits.com","1722007140208x613468856213004200"
"","Another day another dollar...","1722007168668x452787384447139800","","Mark Willing","","info+marzar@rosyrecruits.com","no","info+marzar@rosyrecruits.com","Work available","info+demirra@pronocoders.com","no","Jul 27, 2024 1:19 am","Jul 27, 2024 1:19 am","","info+marzar@rosyrecruits.com","1722007170587x244414113220098530"
"","Another day another dollar...","1722007168668x452787384447139800","","Accept Worker","","info+demirra@pronocoders.com","no","info+demirra@pronocoders.com","Worker Available","info+marzar@rosyrecruits.com","no","Jul 27, 2024 1:19 am","Jul 27, 2024 1:20 am","","info+demirra@pronocoders.com","1722007188501x813838238849653000"
"","Another day another dollar...","1722007138510x813479760498786300","","Accept Worker","","info+demirra@pronocoders.com","no","info+demirra@pronocoders.com","Worker Available","info+marzar@rosyrecruits.com","no","Jul 27, 2024 1:19 am","Jul 27, 2024 1:20 am","","info+demirra@pronocoders.com","1722007189937x702028861980301700"
"","One more time","1722007300396x850583154771361800","","Mark Willing","","info+marzar@rosyrecruits.com","no","info+marzar@rosyrecruits.com","Work available","info+demirra@pronocoders.com","no","Jul 27, 2024 1:21 am","Jul 27, 2024 1:22 am","","info+marzar@rosyrecruits.com","1722007302331x603831309283437000"
"","One more time","1722007315319x294972074069852160","","Mark Willing","","info+marzar@rosyrecruits.com","no","info+marzar@rosyrecruits.com","Work available","info+demirra@pronocoders.com","no","Jul 27, 2024 1:21 am","Jul 27, 2024 1:22 am","","info+marzar@rosyrecruits.com","1722007317168x846806278681001600"
"","One more time","1722007315319x294972074069852160","","Mark Willing","","info+marzar@rosyrecruits.com","no","info+marzar@rosyrecruits.com","Work available","info+demirra@pronocoders.com","no","Jul 27, 2024 1:21 am","Jul 27, 2024 1:22 am","","info+marzar@rosyrecruits.com","1722007317671x340794642874648640"
"","One more time","1722007315319x294972074069852160","","Accept Worker","","info+demirra@pronocoders.com","no","info+demirra@pronocoders.com","Worker Available","info+marzar@rosyrecruits.com","no","Jul 27, 2024 1:22 am","Jul 27, 2024 1:27 am","","info+demirra@pronocoders.com","1722007348560x756388035555697500"
"","One more time","1722007300396x850583154771361800","","Accept Worker","","info+demirra@pronocoders.com","no","info+demirra@pronocoders.com","Worker Available","info+marzar@rosyrecruits.com","no","Jul 27, 2024 1:22 am","Jul 27, 2024 1:22 am","","info+demirra@pronocoders.com","1722007352178x182439487123721150"
"","One More Time Times Two","1722007440766x857319826284871700","","Mark Willing","","info+marzar@rosyrecruits.com","no","info+marzar@rosyrecruits.com","Work available","info+demirra@pronocoders.com","no","Jul 27, 2024 1:24 am","Jul 27, 2024 1:25 am","","info+marzar@rosyrecruits.com","1722007443080x128478812748551440"
"","One More Time Times Two","1722007455258x924662608765648900","","Mark Willing","","info+marzar@rosyrecruits.com","no","info+marzar@rosyrecruits.com","Work available","info+demirra@pronocoders.com","no","Jul 27, 2024 1:24 am","Jul 27, 2024 1:25 am","","info+marzar@rosyrecruits.com","1722007457036x959953509412382300"
"","One More Time Times Two","1722007455258x924662608765648900","","Accept Worker","","info+demirra@pronocoders.com","no","info+demirra@pronocoders.com","Worker Available","info+marzar@rosyrecruits.com","no","Jul 27, 2024 1:25 am","Jul 27, 2024 1:34 am","","info+demirra@pronocoders.com","1722007549822x575023555677664200"
"","One More Time Times Two","1722007440766x857319826284871700","","Accept Worker","","info+demirra@pronocoders.com","no","info+demirra@pronocoders.com","Worker Available","info+marzar@rosyrecruits.com","no","Jul 27, 2024 1:25 am","Jul 27, 2024 1:27 am","","info+demirra@pronocoders.com","1722007552647x677446190822511100"
"","Third try's a charm","1722008012325x616775482369638400","","Mark Willing","","info+marzar@rosyrecruits.com","no","info+marzar@rosyrecruits.com","Work available","info+demirra@pronocoders.com","no","Jul 27, 2024 1:33 am","Jul 27, 2024 1:34 am","","info+marzar@rosyrecruits.com","1722008014206x642891752407866800"
"","Third try's a charm","1722008028752x358732675402694660","","Mark Willing","","info+marzar@rosyrecruits.com","no","info+marzar@rosyrecruits.com","Work available","info+demirra@pronocoders.com","no","Jul 27, 2024 1:33 am","Jul 27, 2024 1:34 am","","info+marzar@rosyrecruits.com","1722008030547x925428953532525600"
"","Third try's a charm","1722008028752x358732675402694660","","Accept Worker","","info+demirra@pronocoders.com","no","info+demirra@pronocoders.com","Worker Available","info+marzar@rosyrecruits.com","no","Jul 27, 2024 1:34 am","Jul 27, 2024 1:37 am","","info+demirra@pronocoders.com","1722008041031x694855424749321040"
"","Third try's a charm","1722008012325x616775482369638400","","Accept Worker","","info+demirra@pronocoders.com","no","info+demirra@pronocoders.com","Worker Available","info+marzar@rosyrecruits.com","no","Jul 27, 2024 1:34 am","Jul 27, 2024 1:34 am","","info+demirra@pronocoders.com","1722008042112x876803048952917900"
"","Just when you think you've got it... ","1722008218266x532974903723556860","","Mark Willing","","info+marzar@rosyrecruits.com","no","info+marzar@rosyrecruits.com","Work available","info+demirra@pronocoders.com","no","Jul 27, 2024 1:36 am","Jul 27, 2024 1:37 am","","info+marzar@rosyrecruits.com","1722008219714x219550258361588260"
"","Just when you think you've got it... ","1722008232517x224282671252766720","","Mark Willing","","info+marzar@rosyrecruits.com","no","info+marzar@rosyrecruits.com","Work available","info+demirra@pronocoders.com","no","Jul 27, 2024 1:37 am","Jul 27, 2024 1:37 am","","info+marzar@rosyrecruits.com","1722008234252x509204501991018300"
"","Just when you think you've got it... ","1722008232517x224282671252766720","","Accept Worker","","info+demirra@pronocoders.com","no","info+demirra@pronocoders.com","Worker Available","info+marzar@rosyrecruits.com","no","Jul 27, 2024 1:37 am","Jul 27, 2024 1:44 am","","info+demirra@pronocoders.com","1722008245662x502822895335789800"
"","Just when you think you've got it... ","1722008218266x532974903723556860","","Accept Worker","","info+demirra@pronocoders.com","no","info+demirra@pronocoders.com","Worker Available","info+marzar@rosyrecruits.com","no","Jul 27, 2024 1:37 am","Jul 27, 2024 1:37 am","","info+demirra@pronocoders.com","1722008246632x974174241497262100"
"","Again","1722008648951x544486153515696100","","Mark Willing","","info+marzar@rosyrecruits.com","no","info+marzar@rosyrecruits.com","Work available","info+demirra@pronocoders.com","no","Jul 27, 2024 1:44 am","Jul 27, 2024 1:44 am","","info+marzar@rosyrecruits.com","1722008651191x788427215702084400"
"","Again","1722008660792x466112705201176600","","Mark Willing","","info+marzar@rosyrecruits.com","no","info+marzar@rosyrecruits.com","Work available","info+demirra@pronocoders.com","no","Jul 27, 2024 1:44 am","Jul 27, 2024 1:44 am","","info+marzar@rosyrecruits.com","1722008663955x896696541543508200"
"","Again","1722008660792x466112705201176600","","Accept Worker","","info+demirra@pronocoders.com","no","info+demirra@pronocoders.com","Worker Available","info+marzar@rosyrecruits.com","yes","Jul 27, 2024 1:44 am","Jul 27, 2024 1:44 am","","info+demirra@pronocoders.com","1722008681724x346402535873484350"
"","Again","1722008648951x544486153515696100","","Accept Worker","","info+demirra@pronocoders.com","no","info+demirra@pronocoders.com","Worker Available","info+marzar@rosyrecruits.com","yes","Jul 27, 2024 1:44 am","Jul 27, 2024 1:44 am","","info+demirra@pronocoders.com","1722008682952x415580983414689700"
