"Avatar Image","Creation Date","Modified Date","Slug","Creator"
"//s3.amazonaws.com/appforest_uf/f1673228397555x206408270533639420/1.jpg","Jan 9, 2023 12:39 pm","Jan 9, 2023 12:39 pm","","(App admin)"
"//s3.amazonaws.com/appforest_uf/f1673228408374x424293961102175700/2.jpg","Jan 9, 2023 12:40 pm","Jan 9, 2023 12:40 pm","","(App admin)"
"//s3.amazonaws.com/appforest_uf/f1673228414986x109130838115977010/3.jpg","Jan 9, 2023 12:40 pm","Jan 9, 2023 12:40 pm","","(App admin)"
"//s3.amazonaws.com/appforest_uf/f1673228422347x962074225052893300/4.jpg","Jan 9, 2023 12:40 pm","Jan 9, 2023 12:40 pm","","(App admin)"
"//s3.amazonaws.com/appforest_uf/f1673228437902x490277733394878900/5.jpg","Jan 9, 2023 12:40 pm","Jan 9, 2023 12:40 pm","","(App admin)"
"//s3.amazonaws.com/appforest_uf/f1673228444454x373013343543562500/6.jpg","Jan 9, 2023 12:40 pm","Jan 9, 2023 12:40 pm","","(App admin)"
"//s3.amazonaws.com/appforest_uf/f1673228452788x829313037598868200/7.jpg","Jan 9, 2023 12:40 pm","Jan 9, 2023 12:40 pm","","(App admin)"
"//s3.amazonaws.com/appforest_uf/f1673228461066x688358241722077900/8.jpg","Jan 9, 2023 12:41 pm","Jan 9, 2023 12:41 pm","","(App admin)"
"//s3.amazonaws.com/appforest_uf/f1673228467955x618043734187915600/9.jpg","Jan 9, 2023 12:41 pm","Jan 9, 2023 12:41 pm","","(App admin)"
"//s3.amazonaws.com/appforest_uf/f1673228474830x689233568098308600/10.jpg","Jan 9, 2023 12:41 pm","Jan 9, 2023 12:41 pm","","(App admin)"
"//s3.amazonaws.com/appforest_uf/f1673228482258x744130472167167700/11.jpg","Jan 9, 2023 12:41 pm","Jan 9, 2023 12:41 pm","","(App admin)"
"//s3.amazonaws.com/appforest_uf/f1673228490707x594940300458984600/12.jpg","Jan 9, 2023 12:41 pm","Jan 9, 2023 12:41 pm","","(App admin)"
